{"RuleTriggered": 58, "Violations": 58, "Details": {"algo-1": {"cpu": {"p25": 35.31250000000001, "p50": 37.317499999999995, "p75": 39.39375, "p95": 67.57462499999998, "upper": 45.515624999999986, "lower": 29.190625000000022}, "gpu0": {"p25": 14.0, "p50": 21.0, "p75": 22.0, "p95": 37.0, "upper": 34.0, "lower": 2.0}, "gpu0_memory": {"p25": 12.0, "p50": 18.0, "p75": 18.0, "p95": 31.0, "upper": 24.0, "lower": 6.0}}, "last_timestamp": 1680769980000000, "algo-2": {"cpu": {"p25": 35.332499999999996, "p50": 37.37875, "p75": 39.5, "p95": 67.57287500000002, "upper": 45.751250000000006, "lower": 29.08124999999999}, "gpu0": {"p25": 12.0, "p50": 21.0, "p75": 22.0, "p95": 36.0, "upper": 37.0, "lower": 0.0}, "gpu0_memory": {"p25": 10.0, "p50": 18.0, "p75": 18.0, "p95": 31.0, "upper": 27.0, "lower": 1.0}}}, "Datapoints": 4410, "RuleParameters": "cpu_threshold_p95:70\ngpu_threshold_p95:70\ngpu_memory_threshold_p95:70\npatience:1000\nwindow:500"}