{"RuleTriggered": 0, "Violations": 0, "Details": {"pin_memory": false, "num_workers": 0, "cores": 4, "dataloaders": 1, "dataloading_time": {"p25": 0.18572824999999998, "p50": 0.1870935, "p95": 0.18955095, "probs": [1, 0, 0, 0, 0, 0, 0, 0, 0, 0, 0, 0, 0, 0, 0, 0, 0, 0, 0, 0, 0, 0, 0, 0, 0, 0, 0, 0, 0, 0, 0, 0, 0, 0, 0, 0, 0, 0, 0, 0, 0, 0, 0, 0, 0, 0, 0, 0, 0, 0, 0, 0, 0, 0, 0, 0, 0, 0, 0, 0, 0, 0, 0, 0, 0, 0, 0, 0, 0, 0, 0, 0, 0, 0, 0, 0, 0, 0, 0, 0, 0, 0, 0, 0, 0, 0, 0, 0, 0, 0, 0, 0, 0, 0, 0, 0, 0, 0, 0, 1], "binedges": [0.184363, 0.18441761, 0.18447222, 0.18452683, 0.18458143999999999, 0.18463605, 0.18469066, 0.18474527, 0.18479988, 0.18485449, 0.1849091, 0.18496371, 0.18501832, 0.18507293, 0.18512754, 0.18518215, 0.18523676, 0.18529137, 0.18534598, 0.18540059, 0.1854552, 0.18550981, 0.18556442, 0.18561903, 0.18567364, 0.18572824999999998, 0.18578286, 0.18583747, 0.18589208, 0.18594669, 0.1860013, 0.18605591, 0.18611052, 0.18616512999999998, 0.18621974, 0.18627435, 0.18632896, 0.18638357, 0.18643818, 0.18649279, 0.1865474, 0.18660200999999998, 0.18665662, 0.18671123, 0.18676584, 0.18682045, 0.18687506, 0.18692967, 0.18698428, 0.18703888999999999, 0.1870935, 0.18714811, 0.18720272, 0.18725733, 0.18731193999999998, 0.18736655, 0.18742116, 0.18747576999999999, 0.18753038, 0.18758499, 0.1876396, 0.18769421, 0.18774881999999998, 0.18780343, 0.18785804, 0.18791265, 0.18796726, 0.18802187, 0.18807648, 0.18813109, 0.18818569999999998, 0.18824031, 0.18829492, 0.18834953, 0.18840414, 0.18845875, 0.18851336, 0.18856797, 0.18862257999999998, 0.18867719, 0.1887318, 0.18878641, 0.18884102, 0.18889562999999998, 0.18895024, 0.18900485, 0.18905945999999998, 0.18911407, 0.18916868, 0.18922329, 0.1892779, 0.18933250999999998, 0.18938712, 0.18944173, 0.18949633999999999, 0.18955095, 0.18960556, 0.18966017, 0.18971478, 0.18976938999999998, 0.189824]}}, "Datapoints": 2, "RuleParameters": "min_threshold:70\nmax_threshold:200"}