{"RuleTriggered": 0, "Violations": 43, "Details": {"low_gpu_utilization": 2016, "bottlenecks": {"1680770000.500299": {"GPUs": 1, "CPUs": 1}, "1680770091.00028": {"GPUs": 1, "CPUs": 1}, "1680770049.500288": {"GPUs": 1, "CPUs": 1}, "1680770119.000315": {"GPUs": 1, "CPUs": 1}, "1680770119.500321": {"GPUs": 1, "CPUs": 1}, "1680770120.500316": {"GPUs": 1, "CPUs": 1}, "1680770122.000291": {"GPUs": 1, "CPUs": 1}, "1680770123.500287": {"GPUs": 1, "CPUs": 1}, "1680770124.000287": {"GPUs": 1, "CPUs": 1}, "1680770197.500305": {"GPUs": 1, "CPUs": 1}, "1680770234.500282": {"GPUs": 1, "CPUs": 1}, "1680770235.500293": {"GPUs": 1, "CPUs": 1}, "1680770237.500297": {"GPUs": 1, "CPUs": 1}, "1680770238.000307": {"GPUs": 1, "CPUs": 1}, "1680770238.500275": {"GPUs": 1, "CPUs": 1}, "1680770239.000271": {"GPUs": 1, "CPUs": 1}, "1680770239.500272": {"GPUs": 1, "CPUs": 1}, "1680770241.500289": {"GPUs": 1, "CPUs": 1}, "1680770242.00029": {"GPUs": 1, "CPUs": 1}, "1680770242.50028": {"GPUs": 1, "CPUs": 1}, "1680770243.500297": {"GPUs": 1, "CPUs": 1}, "1680770244.000279": {"GPUs": 1, "CPUs": 1}, "1680770255.500281": {"GPUs": 1, "CPUs": 1}, "1680770256.500291": {"GPUs": 1, "CPUs": 1}, "1680770267.500279": {"GPUs": 1, "CPUs": 1}, "1680770234.000318": {"GPUs": 1, "CPUs": 1}, "1680770234.500293": {"GPUs": 1, "CPUs": 1}, "1680770235.000306": {"GPUs": 1, "CPUs": 1}, "1680770236.000296": {"GPUs": 1, "CPUs": 1}, "1680770236.500296": {"GPUs": 1, "CPUs": 1}, "1680770237.000296": {"GPUs": 1, "CPUs": 1}, "1680770238.500285": {"GPUs": 1, "CPUs": 1}, "1680770239.000294": {"GPUs": 1, "CPUs": 1}, "1680770240.000305": {"GPUs": 1, "CPUs": 1}, "1680770240.500268": {"GPUs": 1, "CPUs": 1}, "1680770241.000309": {"GPUs": 1, "CPUs": 1}, "1680770241.500292": {"GPUs": 1, "CPUs": 1}, "1680770242.000294": {"GPUs": 1, "CPUs": 1}, "1680770243.500313": {"GPUs": 1, "CPUs": 1}, "1680770253.000312": {"GPUs": 1, "CPUs": 1}, "1680770256.500292": {"GPUs": 1, "CPUs": 1}, "1680770257.000293": {"GPUs": 1, "CPUs": 1}, "1680770890.500304": {"GPUs": 1, "CPUs": 1}}}, "Datapoints": 8824, "RuleParameters": "threshold:50\nio_threshold:50\ngpu_threshold:10\npatience:1000"}