{"RuleTriggered": 0, "Violations": 0, "Details": {"ratio": {"gpu_functions-dev:0": 50.07433648729646, "cpu_functions": 49.92566351270353}, "phase": {"Step:ModeKeys.TRAIN": 58.75113496063447, "others": 40.85708096738204, "Step:ModeKeys.EVAL": 0.39178407198350435}, "phase_time": {}, "CPU": {"aten::conv2d": 23.281046452489967, "aten::convolution": 23.278180694499813, "aten::_convolution": 23.276084708046838, "aten::cudnn_convolution": 23.27346062251603, "aten::linear": 3.4457331056480403, "aten::addmm": 3.445494416799303}, "CPU_total": {"aten::conv2d": 15605955, "aten::convolution": 15604034, "aten::_convolution": 15602629, "aten::cudnn_convolution": 15600870, "aten::linear": 2309774, "aten::addmm": 2309614}, "GPU": {"aten::conv2d": 23.283517546460555, "aten::convolution": 23.281846077209764, "aten::_convolution": 23.280527357925525, "aten::cudnn_convolution": 23.278456998417195, "aten::linear": 3.437944337513906, "aten::addmm": 3.4377076824730555}, "GPU_total": {"aten::conv2d": 15643357, "aten::convolution": 15642234, "aten::_convolution": 15641348, "aten::cudnn_convolution": 15639957, "aten::linear": 2309831, "aten::addmm": 2309672}, "general": {"DataLoaderIterInitialize": 0.0013879304246981162, "DataLoaderIter": 0.07114322216801561, "Forward": 99.92746884740728}}, "Datapoints": 0, "RuleParameters": ""}