{"RuleTriggered": 36, "Violations": 583, "Details": {"step_details": {"algo-2-27": {"step_stats": {"mean": 0.02767321697612732, "max": 10.989681, "p99": 0.03107056000000001, "p95": 0.026185399999999998, "p50": 0.023212, "min": 0.016582}, "number_of_outliers": 20, "phase": "Step:ModeKeys.TRAIN", "stddev": 0.13, "probs": [4, 7, 3, 1, 0, 1, 2, 0, 0, 5, 91, 206, 163, 78, 62, 45, 45, 35, 66, 622, 1779, 1404, 618, 451, 348, 364, 272, 241, 406, 815, 619, 196, 81, 36, 31, 17, 30, 23, 17, 12, 20, 14, 19, 17, 11, 18, 15, 18, 6, 6, 7, 11, 6, 6, 7, 5, 1, 0, 5, 1, 3, 2, 2, 3, 0, 0, 1, 1, 0, 1, 0, 1, 0, 0, 0, 1, 0, 0, 0, 0, 0, 0, 0, 0, 0, 0, 0, 0, 0, 0, 0, 0, 0, 0, 0, 0, 0, 0, 0, 1], "binedges": [0.016582, 0.01688193, 0.01718186, 0.01748179, 0.01778172, 0.018081649999999998, 0.018381579999999998, 0.01868151, 0.01898144, 0.01928137, 0.0195813, 0.01988123, 0.02018116, 0.02048109, 0.02078102, 0.02108095, 0.021380879999999998, 0.021680810000000002, 0.02198074, 0.02228067, 0.0225806, 0.02288053, 0.02318046, 0.02348039, 0.02378032, 0.02408025, 0.02438018, 0.024680109999999998, 0.024980040000000002, 0.02527997, 0.0255799, 0.02587983, 0.02617976, 0.02647969, 0.02677962, 0.02707955, 0.027379479999999998, 0.02767941, 0.02797934, 0.028279270000000002, 0.0285792, 0.02887913, 0.02917906, 0.02947899, 0.02977892, 0.03007885, 0.03037878, 0.030678709999999998, 0.03097864, 0.03127857, 0.0315785, 0.03187843, 0.03217836, 0.03247829, 0.03277822, 0.03307815, 0.033378080000000004, 0.03367801, 0.03397794, 0.03427787, 0.0345778, 0.034877729999999996, 0.03517766, 0.03547759, 0.03577752, 0.03607745, 0.03637738, 0.036677310000000005, 0.03697724, 0.03727717, 0.0375771, 0.03787703, 0.038176959999999996, 0.03847689, 0.038776820000000004, 0.03907675, 0.03937668, 0.03967661, 0.039976540000000005, 0.04027647, 0.0405764, 0.04087633, 0.04117626, 0.041476189999999996, 0.04177612, 0.042076050000000004, 0.04237598, 0.04267591, 0.04297584, 0.043275770000000005, 0.0435757, 0.04387563, 0.04417556, 0.04447549, 0.044775419999999996, 0.04507535, 0.045375280000000004, 0.04567521, 0.04597514, 0.04627507, 0.046575], "step_numbers": ["0", "1", "500", "1000", "1500", "2000", "2500", "3000", "3500", "4000", "4500", "5000", "5500", "6000", "6500", "7000", "7500", "8000", "8500", "9000"]}, "algo-1-27": {"step_stats": {"mean": 0.027744414429708222, "max": 10.562388, "p99": 0.030861600000000003, "p95": 0.025771799999999997, "p50": 0.02295, "min": 0.016572}, "number_of_outliers": 22, "phase": "Step:ModeKeys.TRAIN", "stddev": 0.13, "probs": [2, 2, 6, 1, 1, 1, 0, 1, 1, 2, 1, 3, 5, 72, 211, 167, 61, 33, 27, 43, 32, 27, 31, 36, 122, 987, 1812, 973, 479, 386, 339, 314, 249, 246, 210, 185, 294, 734, 588, 216, 85, 45, 34, 22, 28, 17, 19, 19, 17, 14, 13, 15, 14, 5, 11, 12, 13, 8, 9, 9, 6, 7, 10, 9, 8, 4, 5, 6, 3, 0, 5, 2, 1, 1, 7, 4, 0, 0, 0, 1, 3, 1, 0, 1, 2, 1, 1, 0, 1, 0, 1, 1, 0, 2, 0, 0, 0, 0, 0, 1], "binedges": [0.016572, 0.01679905, 0.0170261, 0.01725315, 0.0174802, 0.01770725, 0.0179343, 0.01816135, 0.0183884, 0.01861545, 0.018842499999999998, 0.01906955, 0.0192966, 0.01952365, 0.0197507, 0.01997775, 0.0202048, 0.02043185, 0.0206589, 0.02088595, 0.021113, 0.02134005, 0.0215671, 0.021794149999999998, 0.022021199999999998, 0.02224825, 0.0224753, 0.02270235, 0.0229294, 0.02315645, 0.0233835, 0.02361055, 0.0238376, 0.02406465, 0.0242917, 0.02451875, 0.0247458, 0.024972849999999998, 0.025199899999999997, 0.02542695, 0.025654, 0.02588105, 0.0261081, 0.02633515, 0.0265622, 0.02678925, 0.0270163, 0.02724335, 0.0274704, 0.02769745, 0.027924499999999998, 0.028151549999999997, 0.028378599999999997, 0.02860565, 0.0288327, 0.02905975, 0.0292868, 0.02951385, 0.0297409, 0.02996795, 0.030195, 0.03042205, 0.0306491, 0.030876149999999998, 0.031103199999999998, 0.03133025, 0.031557299999999996, 0.03178435, 0.032011399999999995, 0.03223845, 0.032465499999999994, 0.03269255, 0.0329196, 0.03314665, 0.0333737, 0.03360075, 0.0338278, 0.03405485, 0.034281900000000004, 0.03450895, 0.034736, 0.034963049999999996, 0.0351901, 0.035417149999999994, 0.0356442, 0.03587125, 0.0360983, 0.03632535, 0.0365524, 0.03677945, 0.0370065, 0.037233550000000004, 0.0374606, 0.03768765, 0.037914699999999996, 0.03814175, 0.038368799999999995, 0.03859585, 0.0388229, 0.03904995, 0.039277], "step_numbers": ["0", "1", "500", "1000", "1500", "2000", "2500", "3000", "3000", "3500", "4000", "4500", "5000", "5500", "6000", "6500", "6500", "7000", "7500", "8000", "8500", "9000"]}}, "ratio": {}, "phase": {"Step:ModeKeys.TRAIN": 94.39209098233525, "Step:ModeKeys.EVAL": 5.607909017664752}, "phase_time": {}, "general": {"Forward": 99.99986331196067, "DataLoaderIterInitialize": 0.0001366880393299968}}, "Datapoints": 18876, "RuleParameters": "threshold:3\nmode:None\nn_outliers:10\nstddev:3"}